{"message":"Success","WORLD":{"NPCS":{},"PROPS":{"62":{"ANGLE":{"Y":-177.39315795898438,"X":-0.013166788965463638,"Z":-0.0000016099963886517799},"BURN":0,"SKIN":0,"MODEL":"models/props_c17/oildrum001.mdl","NAME":"","POS":{"Y":-70.89684295654297,"X":734.5352172851562,"Z":-143.6597900390625}},"64":{"ANGLE":{"Y":-177.39315795898438,"X":-0.010818560607731342,"Z":-6.736121349604218e-7},"BURN":0,"SKIN":0,"MODEL":"models/props_c17/oildrum001.mdl","NAME":"","POS":{"Y":-32.24977493286133,"X":732.7747192382812,"Z":-143.63131713867188}},"65":{"ANGLE":{"Y":-177.39315795898438,"X":-0.17584110796451569,"Z":0.000002473853328410769},"BURN":0,"SKIN":0,"MODEL":"models/props_c17/oildrum001.mdl","NAME":"","POS":{"Y":-18.97767448425293,"X":705.4754028320312,"Z":-143.5431671142578}},"66":{"ANGLE":{"Y":-177.39315795898438,"X":-0.004931371659040451,"Z":0.00005057961607235484},"BURN":0,"SKIN":0,"MODEL":"models/props_c17/oildrum001.mdl","NAME":"","POS":{"Y":28.202539443969727,"X":730.0221557617188,"Z":-143.55995178222656}},"68":{"ANGLE":{"Y":-177.39315795898438,"X":-0.009586802683770657,"Z":4.7238165734597715e-7},"BURN":0,"SKIN":0,"MODEL":"models/props_c17/oildrum001.mdl","NAME":"","POS":{"Y":98.74726867675781,"X":726.8104248046875,"Z":-143.6163787841797}},"69":{"ANGLE":{"Y":-177.39315795898438,"X":-0.011150497943162918,"Z":-8.925936185733008e-7},"BURN":0,"SKIN":0,"MODEL":"models/props_c17/oildrum001.mdl","NAME":"","POS":{"Y":147.80776977539062,"X":749.039794921875,"Z":-143.63534545898438}},"73":{"ANGLE":{"Y":-177.39315795898438,"X":-0.00875594187527895,"Z":0.0000018414402802591212},"BURN":0,"SKIN":0,"MODEL":"models/props_c17/oildrum001.mdl","NAME":"","POS":{"Y":175.612548828125,"X":765.4169921875,"Z":-143.60630798339844}},"97":{"ANGLE":{"Y":-177.39315795898438,"X":-0.008624645881354809,"Z":0.000002023754859692417},"BURN":0,"SKIN":0,"MODEL":"models/props_c17/oildrum001.mdl","NAME":"","POS":{"Y":233.18899536132812,"X":721.3838500976562,"Z":-143.60472106933594}},"98":{"ANGLE":{"Y":-177.39315795898438,"X":-0.010184059850871563,"Z":-1.8358457509748405e-7},"BURN":0,"SKIN":0,"MODEL":"models/props_c17/oildrum001.mdl","NAME":"","POS":{"Y":293.1269836425781,"X":718.6549072265625,"Z":-143.62362670898438}},"99":{"ANGLE":{"Y":-177.39315795898438,"X":-0.011150458827614784,"Z":-8.936830226957682e-7},"BURN":0,"SKIN":0,"MODEL":"models/props_c17/oildrum001.mdl","NAME":"","POS":{"Y":395.02166748046875,"X":714.0160522460938,"Z":-143.63534545898438}},"100":{"ANGLE":{"Y":-141.59315490722656,"X":-0.000002473529093549587,"Z":-0.18267822265625},"BURN":0,"SKIN":0,"MODEL":"models/props_c17/oildrum001.mdl","NAME":"","POS":{"Y":398.8782958984375,"X":683.9284057617188,"Z":-143.5001983642578}},"101":{"ANGLE":{"Y":-174.29446411132812,"X":-0.0000025157517029583687,"Z":-0.0000020917709662171546},"BURN":0,"SKIN":0,"MODEL":"models/props_c17/oildrum001.mdl","NAME":"","POS":{"Y":440.3564147949219,"X":712.2875366210938,"Z":-143.5001983642578}},"102":{"ANGLE":{"Y":88.6161880493164,"X":-4.356899738311768,"Z":0.2838740050792694},"BURN":0,"SKIN":0,"MODEL":"models/props_rooftop/sign_letter_u001b.mdl","NAME":"","POS":{"Y":-735.9569091796875,"X":896.0581665039062,"Z":-143.4825897216797}},"103":{"ANGLE":{"Y":-172.5535430908203,"X":-0.000002462700422256603,"Z":0.3180121183395386},"BURN":0,"SKIN":0,"MODEL":"models/props_c17/oildrum001.mdl","NAME":"","POS":{"Y":470.71319580078125,"X":712.5804443359375,"Z":-143.5001983642578}},"104":{"ANGLE":{"Y":-177.39315795898438,"X":-0.014416388235986233,"Z":-0.0000018228720364277251},"BURN":0,"SKIN":0,"MODEL":"models/props_c17/oildrum001.mdl","NAME":"","POS":{"Y":514.897705078125,"X":708.5562133789062,"Z":-143.6749267578125}},"105":{"ANGLE":{"Y":-177.39315795898438,"X":-0.0066709802486002445,"Z":0.000011362303666828666},"BURN":0,"SKIN":0,"MODEL":"models/props_c17/oildrum001.mdl","NAME":"","POS":{"Y":562.8479614257812,"X":706.375,"Z":-143.58103942871094}},"106":{"ANGLE":{"Y":-48.12687301635742,"X":-0.14197511970996857,"Z":-0.113250732421875},"BURN":0,"SKIN":0,"MODEL":"models/props_interiors/furniture_couch01a.mdl","NAME":"","POS":{"Y":151.98171997070312,"X":584.1090698242188,"Z":-122.1641845703125}},"107":{"ANGLE":{"Y":179.95318603515625,"X":-0.006460772827267647,"Z":0.013807497918605804},"BURN":0,"SKIN":0,"MODEL":"models/props_junk/trashdumpster02.mdl","NAME":"","POS":{"Y":-807.9214477539062,"X":776.0111083984375,"Z":-80.33731842041016}},"108":{"ANGLE":{"Y":132.41278076171875,"X":0.0320371612906456,"Z":-0.063568115234375},"BURN":0,"SKIN":0,"MODEL":"models/props_c17/furniturefridge001a.mdl","NAME":"","POS":{"Y":575.4158935546875,"X":656.7671508789062,"Z":-106.70172882080078}},"110":{"ANGLE":{"Y":89.01070404052734,"X":-0.09178352355957031,"Z":0.5194584727287292},"BURN":0,"SKIN":0,"MODEL":"models/props_junk/harpoon002a.mdl","NAME":"","POS":{"Y":-808.0034790039062,"X":896.0000610351562,"Z":-142.38824462890625}},"112":{"ANGLE":{"Y":91.2142562866211,"X":0.03727399557828903,"Z":-77.0802001953125},"BURN":0,"SKIN":0,"MODEL":"models/props_junk/bicycle01a.mdl","NAME":"","POS":{"Y":-807.2720336914062,"X":632.3644409179688,"Z":-137.94435119628906}}},"ENTS":[],"FUNCS":{},"ROPES":{}},"CHAR":"Floppicus","CHARS":{"Floppicus":{"HP":"100","PHYSICS":{"BURN":"0"},"POS":{"X":"604.5795593261719","Y":"382.8456802368164","Z":"-121.70881652832031"},"ANG":{"X":"-0","Y":"-66.58021957642073","Z":"0"},"STATE":"1"}},"PLR":"Bot02,Bot01,Floppicus 🍕","PLRS":{"Bot02":{"Anim":"0","Sit":"0","X":"677.04333496094","Y":"-180.02244567871","Z":"-143.96875","Xang":"0","Yang":"23.702230453491","Zang":"0","Health":"70","Tool":"weapon_crowbar","Color":{"R":"0","G":"0","B":"0"}},"Bot01":{"Anim":"0","Sit":"0","X":"-105.55060577393","Y":"-598.18218994141","Z":"-143.77188110352","Xang":"0","Yang":"149.39993286133","Zang":"0","Health":"70","Tool":"weapon_crowbar","Color":{"R":"0","G":"0","B":"0"}},"Floppicus 🍕":{"Anim":"0","Sit":"0","X":"525.20141601562","Y":"556.31689453125","Z":"-143.96875","Xang":"0","Yang":"-66.245132446289","Zang":"0","Health":"90","Tool":"gmod_tool","Color":{"R":"200.00006407499","G":"175.00012636185","B":"66.000117659569"}}},"MSGS":{},"MSG":0}